-- --------------------------------------------------------
-- 主机:                           127.0.0.1
-- 服务器版本:                        5.7.36 - MySQL Community Server (GPL)
-- 服务器操作系统:                      Win64
-- HeidiSQL 版本:                  11.3.0.6295
-- --------------------------------------------------------

/*!40101 SET @OLD_CHARACTER_SET_CLIENT=@@CHARACTER_SET_CLIENT */;
/*!40101 SET NAMES utf8 */;
/*!50503 SET NAMES utf8mb4 */;
/*!40014 SET @OLD_FOREIGN_KEY_CHECKS=@@FOREIGN_KEY_CHECKS, FOREIGN_KEY_CHECKS=0 */;
/*!40101 SET @OLD_SQL_MODE=@@SQL_MODE, SQL_MODE='NO_AUTO_VALUE_ON_ZERO' */;
/*!40111 SET @OLD_SQL_NOTES=@@SQL_NOTES, SQL_NOTES=0 */;

-- 导出  表 dmsp.dataset 结构
CREATE TABLE IF NOT EXISTS `dataset` (
  `id` int(11) NOT NULL AUTO_INCREMENT,
  `expId` int(11) DEFAULT '0' COMMENT '对应实验id',
  `expName` varchar(50) DEFAULT NULL COMMENT '实验名称',
  `dataPath` varchar(100) DEFAULT NULL COMMENT '数据集路径',
  `tid` int(11) DEFAULT '0' COMMENT '教师id',
  `sid` int(11) DEFAULT '0' COMMENT '学生id',
  `creatime` varchar(100) DEFAULT NULL COMMENT '创建时间',
  PRIMARY KEY (`id`)
) ENGINE=InnoDB AUTO_INCREMENT=63 DEFAULT CHARSET=utf8 COMMENT='数据集与实验对照表\r\n默认显示的是：\r\n所有实验对应数据集（tid不为空）\r\n学生上传的数据集（sid等于当前登录用户id）\r\n共享模块审批通过的数据集';

-- 正在导出表  dmsp.dataset 的数据：~55 rows (大约)
DELETE FROM `dataset`;
/*!40000 ALTER TABLE `dataset` DISABLE KEYS */;
INSERT INTO `dataset` (`id`, `expId`, `expName`, `dataPath`, `tid`, `sid`, `creatime`) VALUES
	(1, 2, '数据预处理', 'data_test02.xlsx', 0, 0, NULL),
	(2, 2, '数据预处理', 'sec_cars.csv', 0, 0, NULL),
	(3, 2, '数据预处理', 'data_test04.xlsx', 0, 0, NULL),
	(4, 2, '数据预处理', 'data_test05.xlsx', 0, 0, NULL),
	(5, 2, '数据预处理', 'sunspots.csv', 0, 0, NULL),
	(6, 2, '数据预处理', 'diamonds.csv', 0, 0, NULL),
	(7, 3, '回归分析', 'Salary_Data.csv', 0, 0, NULL),
	(8, 3, '回归分析', 'Predict_to_Profit.xlsx', 0, 0, NULL),
	(9, 4, '数据可视化', 'Province_GDP_2017.xlsx', 0, 0, NULL),
	(10, 4, '数据可视化', 'Industry_GDP.xlsx', 0, 0, NULL),
	(11, 4, '数据可视化', 'HuRun.xlsx', 0, 0, NULL),
	(12, 4, '数据可视化', 'titanic_train.csv', 0, 0, NULL),
	(13, 4, '数据可视化', 'sec_buildings.xlsx', 0, 0, NULL),
	(14, 4, '数据可视化', 'tips.csv', 0, 0, NULL),
	(15, 4, '数据可视化', 'wechat.xlsx', 0, 0, NULL),
	(16, 4, '数据可视化', 'weather.xlsx', 0, 0, NULL),
	(17, 4, '数据可视化', 'iris.csv', 0, 0, NULL),
	(18, 4, '数据可视化', 'SuperMarket.xlsx', 0, 0, NULL),
	(19, 4, '数据可视化', 'Sales.xlsx', 0, 0, NULL),
	(20, 4, '数据可视化', 'Prod_Trade.xlsx', 0, 0, NULL),
	(21, 5, '分类算法', 'Run_or_Walk.csv', 0, 0, NULL),
	(22, 7, '决策树分析', 'default_of_credit_card_clients.xls', 0, 0, NULL),
	(23, 7, '决策树分析', 'creditcard.csv', 0, 0, NULL),
	(24, 10, 'shiyan', '6.csv', 1, 0, '2023-02-15 17:26:54'),
	(25, 10, 'shiyan', '8.csv', 1, 0, '2023-02-15 17:26:54'),
	(26, 0, '实验', '5.csv', 1, 0, '2023-02-15 18:06:57'),
	(27, 0, '实验', '6.csv', 1, 0, '2023-02-15 18:06:57'),
	(28, 0, 'veb', '2.csv', 1, 0, '2023-02-15 18:32:59'),
	(29, 0, 'veb', '3.csv', 1, 0, '2023-02-15 18:32:59'),
	(30, 0, 'beb', 'Salary_Data.csv', 1, 0, '2023-02-15 18:39:32'),
	(31, 0, 'beb', '2.csv', 1, 0, '2023-02-15 18:39:32'),
	(32, 0, 'jtyj', 'Salary_Data.csv', 1, 0, '2023-02-15 18:41:40'),
	(33, 0, 'jtyj', '2.csv', 1, 0, '2023-02-15 18:41:40'),
	(34, 22, 'fwe', '2.csv', 1, 0, '2023-02-15 18:44:43'),
	(35, 22, 'fwe', '3.csv', 1, 0, '2023-02-15 18:44:43'),
	(36, 24, 'grg', 'Salary_Data.csv', 1, 0, '2023-02-15 18:52:30'),
	(37, 24, 'grg', '6.csv', 1, 0, '2023-02-15 18:52:30'),
	(38, 38, 'etr', '4.csv', 1, 0, '2023-02-16 14:24:28'),
	(39, 38, 'etr', '5.csv', 1, 0, '2023-02-16 14:24:28'),
	(40, 47, 'qq', '5.csv', 1, 0, '2023-02-16 15:12:27'),
	(41, 47, 'qq', 'Salary_Data.csv', 1, 0, '2023-02-16 15:12:27'),
	(42, 50, 'lll', '5.csv', 1, 0, '2023-02-16 15:27:43'),
	(43, 50, 'lll', 'Salary_Data.csv', 1, 0, '2023-02-16 15:27:43'),
	(44, 51, 'ww', '5.csv', 1, 0, '2023-02-16 15:28:51'),
	(45, 51, 'ww', 'Salary_Data.csv', 1, 0, '2023-02-16 15:28:51'),
	(46, 52, '11', '4.csv', 1, 0, '2023-02-16 15:31:17'),
	(47, 52, '11', '5.csv', 1, 0, '2023-02-16 15:31:17'),
	(48, 76, 'www', '4.csv', 1, 0, '2023-02-16 15:58:06'),
	(49, 76, 'www', '5.csv', 1, 0, '2023-02-16 15:58:06'),
	(50, 83, 'dd', 'Salary_Data.csv', 1, 0, '2023-02-16 16:43:45'),
	(51, 83, 'dd', '6.csv', 1, 0, '2023-02-16 16:43:45'),
	(52, 83, 'dd', 'data_test02.xlsx', 1, 0, '2023-02-16 16:43:45'),
	(53, 86, 'ss', '4.csv', 1, 0, '2023-02-16 17:11:16'),
	(54, 86, 'ss', '5.csv', 1, 0, '2023-02-16 17:11:16'),
	(55, 87, 'r', 'SuperMarket.xlsx', 1, 0, '2023-02-16 17:18:52'),
	(56, 87, 'r', 'HuRun.xlsx', 1, 0, '2023-02-16 17:18:52'),
	(57, 94, 'e', '5.csv', 1, 0, '2023-02-16 17:31:36'),
	(58, 94, 'e', 'Salary_Data.csv', 1, 0, '2023-02-16 17:31:36'),
	(59, 98, 'q', 'Salary_Data.csv', 1, 0, '2023-02-16 17:40:41'),
	(60, 98, 'q', '2.csv', 1, 0, '2023-02-16 17:40:41'),
	(61, 102, 's', '5.csv', 1, 0, '2023-02-16 17:50:03'),
	(62, 102, 's', '3.csv', 1, 0, '2023-02-16 17:50:03');
/*!40000 ALTER TABLE `dataset` ENABLE KEYS */;

-- 导出  表 dmsp.exp 结构
CREATE TABLE IF NOT EXISTS `exp` (
  `id` int(11) NOT NULL AUTO_INCREMENT COMMENT '实验详细信息表',
  `expname` varchar(255) DEFAULT NULL COMMENT '实验名称',
  `exptarget` text COMMENT '实验目的',
  `expwork` text COMMENT '实验任务',
  `expcodeurl` varchar(255) DEFAULT NULL COMMENT '实验示例代码路径',
  `upid` int(11) DEFAULT NULL COMMENT '创建者id',
  `createTime` varchar(100) DEFAULT NULL COMMENT '创建时间',
  `expVideoPath` varchar(100) DEFAULT NULL COMMENT '场景视频路径',
  `exampleDoc` varchar(100) DEFAULT NULL COMMENT '案例文件路径',
  `flag` int(11) DEFAULT NULL COMMENT '文件数量',
  PRIMARY KEY (`id`) USING BTREE
) ENGINE=InnoDB AUTO_INCREMENT=104 DEFAULT CHARSET=utf8 ROW_FORMAT=DYNAMIC;

-- 正在导出表  dmsp.exp 的数据：~96 rows (大约)
DELETE FROM `exp`;
/*!40000 ALTER TABLE `exp` DISABLE KEYS */;
INSERT INTO `exp` (`id`, `expname`, `exptarget`, `expwork`, `expcodeurl`, `upid`, `createTime`, `expVideoPath`, `exampleDoc`, `flag`) VALUES
	(1, '数据获取', '实验依据网页爬虫原理，通过构造请求头headers将Python伪装成一个真实的浏览器，运用正则表达相关知识，对拟获取的天气数据进行匹配获取，让学生熟悉运用findall函数，会使用列表、字典、数据框等多种数据结构，完成数据的获取。', '请每位同学阅读示范代码，完成以下任务：\r\n第一，写出程序代码注释，解释程序内容；\r\n第二，结合爬取对象，阐述爬虫原理；\r\n第三，换成自己喜欢的城市，完成一次天气信息的爬取工作；\r\n第四，完成实验报告，内容包括对知识点的理解，对于出现错误的修正情况，以及其他方面的个人的体会。在系统提交程序代码、数据和实验报告。\r\n', '数据获取爬虫代码示范.py', NULL, NULL, 'get.mp4', 'get.docx', 1),
	(2, '数据预处理', '依据数据库原理、正态分布特征、空间向量映射和贝叶斯定理，通过对重复观测、缺失值、异常值、数据子集、数据透视、表的合并与连接、以及数据聚合，达到对已知数据集的清洗和预处理目标。让学生熟练运用Pandas模块的duplicated（）、isnull（）、fillna（）、pivot_table（）、concat（）等函数与方法。', '请每位同学阅读示范代码，完成以下任务：\r\n第一，以数据爬取实验中所爬取天气数据为数据集，判断数据质量，主要目标是查看是否存在缺失值，说明查找和判断缺失值的过程；如果存在缺失，请明确缺失的具体数据和数据特征，并分析问题形成的原因造成；给出缺失值处置方案并实践。\r\n第二，以dns_homework数据集为数据源，完成以下工作，并写出数据分析结果报告。\r\n1、该数据集的描述性统计；\r\n2、寻找重复性观测，并对其进行相应处理；\r\n3、查找缺失值，并对其进行相应处理；\r\n4、查找异常值，并对其进行相应处理.\r\n第三，完成实验报告，内容包括对实验过程的描述，对于出现错误的修正情况，以及其他方面的个人的体会。\r\n注：本实验是小组实验，由小组成员共同完成，在系统提交程序代码、数据和实验报告，并把成员名字和承担工作写入报告中。', '数据预处理示范代码.py', NULL, NULL, 'preparing.mp4', 'preparing.docx', 7),
	(3, '回归分析', '本实验依据数据库原理和回归分析原理，通过对数值型数据的线性回归建模、回归系数的计算、模型检验、模型诊断，实现连续型变量的预测。让学生熟练运用ols函数、predict方法、哑变量的设置、F统计量计算、t统计量计算、多重共线性检验等。', '实验任务：请每位同学阅读示范代码，完成以下任务：用数据爬取技术获取关于以“党和政府为疫情防控做实事”为主题的网络舆情的视频、图像和文本信息，构建数据集，结合线性回归模型建模、检验、预测、评估等步骤，进行如下预测分析：\r\n第一，中国疫情发展中确诊病例的人数与境内传播、境外输入、行政区域存在什么样可能的影响关系？\r\n第二，在某段清零的疫情管理中，染病人数的下降与境内传播、境外输入、政策执行力存在什么样可能的影响关系？完成实验报告，内容包括对实验过程的描述，对于出现错误的修正情况，以及其他方面的个人的体会。\r\n', '回归分析示范代码.py', NULL, NULL, 'regression.mp4', 'regression.docx', 3),
	(4, '数据可视化', '本实验依据数据库原理和描述性统计分析，通过对离散量、数值型单变量、多维数值关系的图形展示方法学习，达到对已知数据集的可视化处理。让学生熟练运用matplotlib、pandas和seaborn模块的图形函数与方法，并借助subplot2grid函数实现各种模块下图形的组合。', '请每位同学阅读示范代码，完成以下任务：\r\n第一，采用在数据爬取实验中自己爬取的天气数据，任选其中的4-6个变量，进行饼图、柱状图、散点图和热力图的实践应用分析。\r\n第二，对于给定数据集diomons进行可视化分析，并根据分析内容写出分析结论。\r\n完成实验报告，内容包括对实验过程的描述，对于出现错误的修正情况，以及其他方面的个人的体会。\r\n', '数据可视化示范代码.py', NULL, NULL, 'show.mp4', 'show.docx', 13),
	(5, '分类算法', '本实验依据数据库原理和回归分析原理，面向二分类的离散问题，构建Logistic回归模型，进行参数求解，并评估模型效果。让学生熟练运用LogisticRegression类、predict方法、正例负例覆盖比等。', '请每位同学阅读示范代码，完成以下任务：\r\n以给定数据集virtual_data为数据源，完成以下工作，并写出数据分析结果报告。\r\n第一，该数据集的描述性统计；\r\n第二，运用逻辑回归模型对其建模；\r\n第三，对回归模型求解参数；\r\n第四，进行模型效果评估；\r\n第五，根据数据计算结果，写出分析结论。\r\n完成实验报告，内容包括对实验过程的描述，对于出现错误的修正情况，以及其他方面的个人的体会。\r\n', '分类算法示范代码.py', NULL, NULL, 'classification.mp4', 'classification.docx', 2),
	(6, '聚类算法', '本实验依据Kmeans聚类、密度聚类和层次聚类原理，面向无监督问题，利用数据本身选出合理的k个簇，为数据集选择恰当的聚类方法。让学生熟练运用Kmeans类、拐点法、轮廓系数法、间隔统计量法、eps和min_samples调参等。', '请每位同学阅读示范代码，完成以下任务：\r\n第一，采用在数据获取实验中自己爬取的天气数据，任选其中的4-6个变量，进行聚类分析；\r\n第二，结合理论课的内容，完成数据读入、必要的标准化、三种方法进行最佳k值确定，根据确定的k值采用Kmeans聚类分析。\r\n第三，完成实验报告，内容包括对实验过程的描述，对于出现错误的修正情况，以及其他方面的个人的体会。\r\n', '聚类算法示范代码.py', NULL, NULL, 'cluster.mp4', 'cluster.docx', 1),
	(7, '决策树分析', '本实验依据决策树原理，采用“IF…THEN…”的思想对于数值型因变量预测和离散型因变量分类。让学生熟练掌握信息增益、误差降低法、代价复杂度法、CART树、Bootstrap抽样法等，进行节点字段的选择、剪枝技术、随机森林的实现思想等。', '请每位同学阅读示范代码，完成以下任务：以给定数据集titanic为数据源，完成以下工作，并写出数据分析结果报告。\r\n第一，该数据集的描述性统计；\r\n第二，运用决策树思想进行建模；\r\n第三，完成树的剪枝流程；\r\n第四，根据数据计算结果，写出分析结论。完成实验报告，内容包括对实验过程的描述，对于出现错误的修正情况，以及其他方面的个人的体会。\r\n', '决策树分析示范代码.py', NULL, NULL, 'desicionTree.mp4', 'desicionTree.docx', 3),
	(8, '关联分析算法', '本实验依据关联规则原理，利用一些度量指标来分辨数据库中存在的强规则，在大数据库中发现感兴趣的关系。让学生熟练掌握 Apriori算法候选集生成和情节的向下封闭检测两个阶段来挖掘频繁项集，和FP-Growth算法把数据集中的事务映射到一棵FP-Tree上面再根据这棵树找出频繁项集，并熟知两个算法的差异。 ', '请每位同学阅读示范代码，完成以下任务：以给定数据集knowledge为数据源，完成以下工作，并写出数据分析结果报告。\r\n第一，该数据集的描述性统计；\r\n第二，运用 Apriori算法思想进行关联规则分析；\r\n第三，运用 FP-Growth算法思想进行关联规则分析；\r\n第四，对比两个算法的数据计算结果，写出分析结论。\r\n', '关联分析算法示范代码.py', NULL, NULL, 'association.mp4', 'association.docx', 1),
	(10, 'shiyan', 'mudi', 'renw', 'shiyan.py', 1, '2023-02-15 17:26:54', '55.mp4', 'anli.docx', 3),
	(11, '实验', '目的', '热恩物', '实验.py', 1, '2023-02-15 18:06:57', '50.mp4', '授权书.docx', 3),
	(12, '五数据集', '12', '123', '数据获取爬虫代码示范.py', 1, '2023-02-15 18:09:01', 'jian.mp4', '授权书.docx', 1),
	(13, 'wushuj', '123', '123', '聚类算法示范代码.py', 1, '2023-02-15 18:17:54', 'jian.mp4', '授权书.docx', 1),
	(14, 'shiyan12', 'de', 'dwe', '实验.py', 1, '2023-02-15 18:19:18', 'jian.mp4', '授权书.docx', 1),
	(15, 'cwv', 'rvwr', 'vw', '决策树分析示范代码.py', 1, '2023-02-15 18:26:06', '55.mp4', '授权书.docx', 1),
	(16, 'cwv', 'rvwr', 'vw', '决策树分析示范代码.py', 1, '2023-02-15 18:28:27', '55.mp4', '授权书.docx', 1),
	(17, 'nyr', 'hr', 'hrt', '数据获取爬虫代码示范.py', 1, '2023-02-15 18:30:06', '55.mp4', '教师授课表达技能测评小程序.docx', 1),
	(18, 'veb', '本吧', 'vrv', '决策树分析示范代码.py', 1, '2023-02-15 18:32:59', '55.mp4', '授权书.docx', 3),
	(19, 'gth', 'et', 'eh', '决策树分析示范代码.py', 1, '2023-02-15 18:36:20', '55.mp4', '授权书.docx', 1),
	(20, 'beb', 'eb', 'e', '实验.py', 1, '2023-02-15 18:39:32', 'jian.mp4', '授权书.docx', 3),
	(21, 'jtyj', 'jty', 'ty', '关联分析算法示范代码.py', 1, '2023-02-15 18:41:40', 'jian.mp4', '授权书.docx', 3),
	(22, 'fwe', 'fwe', 'w', '实验.py', 1, '2023-02-15 18:44:43', 'jian.mp4', '授权书.docx', 3),
	(23, 'jyt5j', 'yt', 't', '聚类算法示范代码.py', 1, '2023-02-15 18:51:23', 'jian.mp4', '授权书.docx', 1),
	(24, 'grg', 'rg', 'eg', '回归分析示范代码.py', 1, '2023-02-15 18:52:30', '55.mp4', '授权书.docx', 3),
	(25, 'lll', 'gr5g', 'greg', '回归分析示范代码.py', 1, '2023-02-15 18:53:32', '55.mp4', '授权书.docx', 1),
	(26, 'ger', 'ge', 'ge', '聚类算法示范代码.py', 1, '2023-02-15 18:55:18', '55.mp4', '授权书.docx', 1),
	(27, 'ggg', 'ggg', 'ggg', '关联分析算法示范代码.py', 1, '2023-02-15 18:58:49', '55.mp4', '授权书.docx', 1),
	(28, 'fewf', 'wef', 'wfew', '回归分析示范代码.py', 1, '2023-02-15 19:08:56', '55.mp4', '授权书.docx', 1),
	(29, 'fewf', 'efwe', 'fwe', '回归分析示范代码.py', 1, '2023-02-15 19:09:32', '55.mp4', '授权书.docx', 1),
	(30, 'hre', 'et', 'f', '决策树分析示范代码.py', 1, '2023-02-15 19:10:17', '55.mp4', '授权书.docx', 1),
	(31, 'gre', 'gerge', 'e', '分类算法示范代码.py', 1, '2023-02-15 19:15:11', '55.mp4', '授权书.docx', 1),
	(32, 'gre', 'gerge', 'e', '分类算法示范代码.py', 1, '2023-02-15 19:15:20', '55.mp4', '授权书.docx', 1),
	(33, 'gre', 'gerge', 'e', '分类算法示范代码.py', 1, '2023-02-15 19:15:27', '55.mp4', '授权书.docx', 1),
	(34, 'htr', 'tt', 'tttt', '聚类算法示范代码.py', 1, '2023-02-15 19:17:24', '55.mp4', '授权书.docx', 1),
	(35, 'rewr', 'reqr', 'eqr', '聚类算法示范代码.py', 1, '2023-02-16 14:04:23', 'jian.mp4', '授权书.docx', 1),
	(36, 'rwre', 'grwe', 'gfwrg', '关联分析算法示范代码.py', 1, '2023-02-16 14:13:45', '55.mp4', '授权书.docx', 1),
	(37, 'etr', 'heth', 'et', '决策树分析示范代码.py', 1, '2023-02-16 14:24:07', NULL, NULL, 1),
	(38, 'etr', 'heth', 'et', '决策树分析示范代码.py', 1, '2023-02-16 14:24:28', NULL, NULL, 3),
	(39, 'fef', 'efw', 'fwef', '关联分析算法示范代码.py', 1, '2023-02-16 14:28:14', NULL, NULL, 1),
	(40, 'ww', 'ww', 'ww', '回归分析示范代码.py', 1, '2023-02-16 14:29:55', NULL, NULL, 1),
	(41, 'gg', 'ggz', 'bb', '数据获取爬虫代码示范.py', 1, '2023-02-16 14:33:18', NULL, NULL, 1),
	(42, 'ww', 'ww', 'ww', '聚类算法示范代码.py', 1, '2023-02-16 14:37:08', '55.mp4', NULL, 1),
	(43, 'dd', 'dd', 'dd', 'pandas_test.py', 1, '2023-02-16 14:37:50', '55.mp4', '授权书.docx', 1),
	(44, 'fd', 'dd', 'dd', 'main.py', 1, '2023-02-16 14:38:23', '55.mp4', NULL, 1),
	(45, 'ss', 'ss', 'ss', 'montage.py', 1, '2023-02-16 14:39:35', NULL, '教师授课表达技能测评小程序.docx', 1),
	(46, 'rr', 'rr', 'rr', NULL, 1, '2023-02-16 14:43:43', NULL, '授权书.docx', 1),
	(47, 'qq', 'qq', 'qq', NULL, 1, '2023-02-16 15:12:27', NULL, 'desicionTree.docx', 3),
	(48, 'ee', 'ee', 'ee', NULL, 1, '2023-02-16 15:16:42', '55.mp4', NULL, 1),
	(49, 'ee', 'ee', 'ee', NULL, 1, '2023-02-16 15:16:52', NULL, 'desicionTree.docx', 1),
	(50, 'lll', '3r3', 'r3r2', NULL, 1, '2023-02-16 15:27:43', '55.mp4', NULL, 3),
	(51, 'ww', 'ww', 'w', NULL, 1, '2023-02-16 15:28:51', '55.mp4', NULL, 3),
	(52, '11', '11', '11', NULL, 1, '2023-02-16 15:31:17', '50.mp4', NULL, 3),
	(53, 'w', 'w', 'w', NULL, 1, '2023-02-16 15:35:46', '55.mp4', NULL, 1),
	(54, '22', '22', '22', NULL, 1, '2023-02-16 15:38:56', '55.mp4', 'desicionTree.docx', 1),
	(55, 'ww', 'ww', 'ww', '回归分析示范代码.py', 1, '2023-02-16 15:39:29', NULL, NULL, 1),
	(56, 'ss', 'ss', 'ss', NULL, 1, '2023-02-16 15:40:12', NULL, '授权书.docx', 1),
	(57, 'ee', 'ee', 'ee', NULL, 1, '2023-02-16 15:44:04', '55.mp4', NULL, 1),
	(58, 'ee', 'ee', 'ee', NULL, 1, '2023-02-16 15:44:25', '55.mp4', NULL, 1),
	(59, 'e', 'ee', 'ee', NULL, 1, '2023-02-16 15:45:07', '55.mp4', NULL, 1),
	(60, 'ee', 'ee', 'ee', NULL, 1, '2023-02-16 15:45:47', '55.mp4', NULL, 1),
	(61, 'ee', 'ee', 'ee', NULL, 1, '2023-02-16 15:46:32', '50.mp4', '授权书.docx', 1),
	(62, 'ee', 'ee', 'e', NULL, 1, '2023-02-16 15:47:41', NULL, '授权书.docx', 1),
	(63, 'ss', 'ss', 'ss', '回归分析示范代码.py', 1, '2023-02-16 15:49:01', NULL, NULL, 1),
	(64, 'ww', 'ww', 'ww', '决策树分析示范代码.py', 1, '2023-02-16 15:49:34', '55.mp4', NULL, 1),
	(65, 'ee', 'ee', 'ee', '回归分析示范代码.py', 1, '2023-02-16 15:50:07', '55.mp4', 'desicionTree.docx', 1),
	(66, 'ee', 'ee', 'e', '回归分析示范代码.py', 1, '2023-02-16 15:52:20', '50.mp4', 'desicionTree.docx', 1),
	(67, 'ee', 'ee', 'ee', NULL, 1, '2023-02-16 15:53:07', NULL, 'desicionTree.docx', 1),
	(68, 'ff', 'ff', 'ff', NULL, 1, '2023-02-16 15:54:00', NULL, 'desicionTree.docx', 1),
	(69, 'ff', 'f', 'ff', '关联分析算法示范代码.py', 1, '2023-02-16 15:54:26', '55.mp4', '教师授课表达技能测评小程序.docx', 1),
	(70, 'd', 'd', 'd', NULL, 1, '2023-02-16 15:54:54', NULL, '授权书.docx', 1),
	(71, 'dd', 'dd', 'dd', NULL, 1, '2023-02-16 15:55:10', '55.mp4', 'desicionTree.docx', 1),
	(72, 'xx', 'xx', 'xx', NULL, 1, '2023-02-16 15:55:45', '55.mp4', '授权书.docx', 1),
	(73, 'dd', 'dd', 'dd', 'main.py', 1, '2023-02-16 15:56:43', '55.mp4', 'desicionTree.docx', 1),
	(74, 'ee', 'ee', 'ee', NULL, 1, '2023-02-16 15:57:35', 'jian.mp4', NULL, 1),
	(75, 'ee', 'ee', 'ee', NULL, 1, '2023-02-16 15:57:48', NULL, 'desicionTree.docx', 1),
	(76, 'www', 'wwww', 'ww', NULL, 1, '2023-02-16 15:58:06', NULL, NULL, 3),
	(77, 'kk', 'kk', 'ii', '回归分析示范代码.py', 1, '2023-02-16 15:58:57', NULL, NULL, 1),
	(78, 'll', 'jj', '44', NULL, 1, '2023-02-16 16:00:39', NULL, 'desicionTree.docx', 1),
	(79, 'cv', 'c', 'cc', NULL, 1, '2023-02-16 16:04:00', NULL, 'desicionTree.docx', 1),
	(80, 'dd', 'dd', 'dd', '关联分析算法示范代码.py', 1, '2023-02-16 16:06:34', '50.mp4', 'desicionTree.docx', 1),
	(81, 'w', 'ww', 'ww', '回归分析示范代码.py', 1, '2023-02-16 16:09:02', '55.mp4', 'desicionTree.docx', 1),
	(82, 'dd', 'dd', 'dd', NULL, 1, '2023-02-16 16:37:14', NULL, 'desicionTree.docx', 1),
	(83, 'dd', 'dd', 'dd', NULL, 1, '2023-02-16 16:43:45', NULL, 'desicionTree.docx', 4),
	(84, 'ff', 'ff', 'ff', 'shiyan.py', 1, '2023-02-16 17:01:05', NULL, NULL, 1),
	(85, 'w', 'w', 'w', NULL, 1, '2023-02-16 17:06:05', NULL, 'desicionTree.docx', 1),
	(86, 'ss', 'ss', 's是', NULL, 1, '2023-02-16 17:11:16', NULL, 'association.docx', 3),
	(87, 'r', 'r', 'r', NULL, 1, '2023-02-16 17:18:52', NULL, 'desicionTree.docx', 3),
	(88, 'd', 'd', 'd', NULL, 1, '2023-02-16 17:19:52', NULL, 'desicionTree.docx', 1),
	(89, 'e', 'e', 'e', '关联分析算法示范代码.py', 1, '2023-02-16 17:21:22', '50.mp4', 'desicionTree.docx', 1),
	(90, 'rr', 'rrr', 'r', '聚类算法示范代码.py', 1, '2023-02-16 17:24:25', '55.mp4', NULL, 1),
	(91, '2', '2', '2', '关联分析算法示范代码.py', 1, '2023-02-16 17:29:55', '55.mp4', 'desicionTree.docx', 1),
	(92, 's', 's', 's', '关联分析算法示范代码.py', 1, '2023-02-16 17:30:55', '50.mp4', '', 1),
	(93, 's', 's', 's', '', 1, '2023-02-16 17:31:10', '', 'desicionTree.docx', 1),
	(94, 'e', 'e', 'e', '', 1, '2023-02-16 17:31:36', '', '', 3),
	(95, 'e', 'e', 'e', '聚类算法示范代码.py', 1, '2023-02-16 17:32:43', '50.mp4', 'desicionTree.docx', 1),
	(96, 'e', 'e', 'e', '聚类算法示范代码.py', 1, '2023-02-16 17:33:38', '50.mp4', 'desicionTree.docx', 1),
	(97, '1', '1', '1', '关联分析算法示范代码.py', 1, '2023-02-16 17:34:24', '50.mp4', 'desicionTree.docx', 1),
	(98, 'q', 'q', 'q', '回归分析示范代码.py', 1, '2023-02-16 17:40:41', '55.mp4', 'association.docx', 3),
	(99, 's', 's', 's', '分类算法示范代码.py', 1, '2023-02-16 17:44:05', '50.mp4', 'desicionTree.docx', 1),
	(100, 'f', 'f\'f', 'fff', '聚类算法示范代码.py', 1, '2023-02-16 17:48:28', 'jian.mp4', 'desicionTree.docx', 1),
	(101, '5y4', 'y45', '5y4', '回归分析示范代码.py', 1, '2023-02-16 17:49:05', '55.mp4', '', 1),
	(102, 's', 's', 's', '关联分析算法示范代码.py', 1, '2023-02-16 17:50:03', '55.mp4', 'association.docx', 3),
	(103, 's', 's', 'ss', '关联分析算法示范代码.py', 1, '2023-02-16 17:50:37', '55.mp4', '123.docx', 1);
/*!40000 ALTER TABLE `exp` ENABLE KEYS */;

-- 导出  表 dmsp.exprecord 结构
CREATE TABLE IF NOT EXISTS `exprecord` (
  `id` int(11) NOT NULL AUTO_INCREMENT,
  `expid` int(11) NOT NULL COMMENT '实验id',
  `sid` int(11) NOT NULL COMMENT '学生id',
  `gid` int(11) DEFAULT NULL COMMENT '班级id',
  `videoDesc` text COMMENT '视频场景描述',
  `dataFlag` int(11) DEFAULT NULL COMMENT '是1否0包含数据集',
  `dataDesc` text COMMENT '数据集描述',
  `expprocess` text COMMENT '实验过程',
  `expresult` text COMMENT '实验结果',
  `experience` text COMMENT '实验心得与体会',
  `totalDesc` text COMMENT '综合体会',
  `recordcode` varchar(255) DEFAULT NULL COMMENT '实验代码路径',
  `recordurl` varchar(255) DEFAULT NULL COMMENT '实验报告路径',
  `score` double DEFAULT NULL COMMENT '教师打分',
  `createTime` varchar(100) DEFAULT NULL COMMENT '初次提交时间',
  `lastTime` varchar(100) DEFAULT NULL COMMENT '最终提交时间',
  `count` int(10) NOT NULL DEFAULT '0' COMMENT '修改次数',
  `flag` int(10) NOT NULL DEFAULT '0' COMMENT '0默认；1生成报告；2：提交',
  `png` int(10) DEFAULT '0' COMMENT '结果附件为png的数量',
  `csv` int(10) DEFAULT '0' COMMENT '结果附件为csv的数量',
  `name` varchar(200) DEFAULT NULL COMMENT '结果附件名称',
  PRIMARY KEY (`id`) USING BTREE
) ENGINE=InnoDB AUTO_INCREMENT=89 DEFAULT CHARSET=utf8 ROW_FORMAT=DYNAMIC;

-- 正在导出表  dmsp.exprecord 的数据：~7 rows (大约)
DELETE FROM `exprecord`;
/*!40000 ALTER TABLE `exprecord` DISABLE KEYS */;
INSERT INTO `exprecord` (`id`, `expid`, `sid`, `gid`, `videoDesc`, `dataFlag`, `dataDesc`, `expprocess`, `expresult`, `experience`, `totalDesc`, `recordcode`, `recordurl`, `score`, `createTime`, `lastTime`, `count`, `flag`, `png`, `csv`, `name`) VALUES
	(64, 2, 2, 1, '2e3', NULL, '123', '《数据挖掘课程实验》虚拟仿真平台承载商业和舆情两大主题的虚拟仿真案例，融入课程思政元素，遵循“共享，创新”的理念，践行“实践-交流-进阶”新思路，拓展实验教学内容广度和深度、延伸实验教学时间和空间，从而让学生更好理解与掌握：数据获取、数据清洗、关联分析、回归分析、分类算法、聚类分析、决策树分析等数据挖掘的核心技能。\r\n本课程通过案例延展式学习、实践沉浸式学习、任务探索式学习、课程资源云学习等多种资源渠道，有助于实现“学生学得会，老师教得顺”的双赢目标。通过多源多模态数据交织，奠定学生的面向应用的扎实基础，培养其具有解决现实问题的能力，以应用场景竞赛为牵引，帮助学生建立在数字社区健康的合作与竞争意识，激发培养学生创新能力。以学生为中心，综合多种体验式虚拟仿真实验教学法，完成课内课外、线上线下教学组织。 \r\n课程成绩评定采用过程性考核和总结性考核相结合方式，加强非标准化、综合性评价。\r\n\r\n新文科建设中，数据挖掘是我校信息管理与信息系统、工商管理、财务管理和公共关系学等管理学门类四个本科专业的重要基础课程。面向文理兼招学习背景的学生群体，数据挖掘的课程实验旨在提升学生数据素养、强化学生数据挖掘技术基础、锻炼学生学以致用解决真实问题的能力和引导学生创新意识。\r\n《数据挖掘课程实验》虚拟仿真平台承载商业和舆情两大主题的虚拟仿真案例，融入课程思政元素，遵循“共享，创新”的理念，践行“实践-交流-进阶”新思路，拓展实验教学内容广度和深度、延伸实验教学时间和空间，从而让学生更好理解与掌握：数据获取、数据清洗、关联分析、回归分析、分类算法、聚类分析、决策树分析等数据挖掘的核心技能。\r\n本课程通过案例延展式学习、实践沉浸式学习、任务探索式学习、课程资源云学习等多种资源渠道，有助于实现“学生学得会，老师教得顺”的双赢目标。通过多源多模态数据交织，奠定学生的面向应用的扎实基础，培养其具有解决现实问题的能力，以应用场景竞赛为牵引，帮助学生建立在数字社区健康的合作与竞争意识，激发培养学生创新能力。以学生为中心，综合多种体验式虚拟仿真实验教学法，完成课内课外、线上线下教学组织。 \r\n课程成绩评定采用过程性考核和总结性考核相结合方式，加强非标准化、综合性评价。\r\n\r\n新文科建设中，数据挖掘是我校信息管理与信息系统、工商管理、财务管理和公共关系学等管理学门类四个本科专业的重要基础课程。面向文理兼招学习背景的学生群体，数据挖掘的课程实验旨在提升学生数据素养、强化学生数据挖掘技术基础、锻炼学生学以致用解决真实问题的能力和引导学生创新意识。\r\n《数据挖掘课程实验》虚拟仿真平台承载商业和舆情两大主题的虚拟仿真案例，融入课程思政元素，遵循“共享，创新”的理念，践行“实践-交流-进阶”新思路，拓展实验教学内容广度和深度、延伸实验教学时间和空间，从而让学生更好理解与掌握：数据获取、数据清洗、关联分析、回归分析、分类算法、聚类分析、决策树分析等数据挖掘的核心技能。\r\n本课程通过案例延展式学习、实践沉浸式学习、任务探索式学习、课程资源云学习等多种资源渠道，有助于实现“学生学得会，老师教得顺”的双赢目标。通过多源多模态数据交织，奠定学生的面向应用的扎实基础，培养其具有解决现实问题的能力，以应用场景竞赛为牵引，帮助学生建立在数字社区健康的合作与竞争意识，激发培养学生创新能力。以学生为中心，综合多种体验式虚拟仿真实验教学法，完成课内课外、线上线下教学组织。 \r\n课程成绩评定采用过程性考核和总结性考核相结合方式，加强非标准化、综合性评价。\r\n\r\n新文科建设中，数据挖掘是我校信息管理与信息系统、工商管理、财务管理和公共关系学等管理学门类四个本科专业的重要基础课程。面向文理兼招学习背景的学生群体，数据挖掘的课程实验旨在提升学生数据素养、强化学生数据挖掘技术基础、锻炼学生学以致用解决真实问题的能力和引导学生创新意识。\r\n《数据挖掘课程实验》虚拟仿真平台承载商业和舆情两大主题的虚拟仿真案例，融入课程思政元素，遵循“共享，创新”的理念，践行“实践-交流-进阶”新思路，拓展实验教学内容广度和深度、延伸实验教学时间和空间，从而让学生更好理解与掌握：数据获取、数据清洗、关联分析、回归分析、分类算法、聚类分析、决策树分析等数据挖掘的核心技能。\r\n本课程通过案例延展式学习、实践沉浸式学习、任务探索式学习、课程资源云学习等多种资源渠道，有助于实现“学生学得会，老师教得顺”的双赢目标。通过多源多模态数据交织，奠定学生的面向应用的扎实基础，培养其具有解决现实问题的能力，以应用场景竞赛为牵引，帮助学生建立在数字社区健康的合作与竞争意识，激发培养学生创新能力。以学生为中心，综合多种体验式虚拟仿真实验教学法，完成课内课外、线上线下教学组织。 \r\n课程成绩评定采用过程性考核和总结性考核相结合方式，加强非标准化、综合性评价。\r\n\r\n新文科建设中，数据挖掘是我校信息管理与信息系统、工商管理、财务管理和公共关系学等管理学门类四个本科专业的重要基础课程。面向文理兼招学习背景的学生群体，数据挖掘的课程实验旨在提升学生数据素养、强化学生数据挖掘技术基础、锻炼学生学以致用解决真实问题的能力和引导学生创新意识。\r\n《数据挖掘课程实验》虚拟仿真平台承载商业和舆情两大主题的虚拟仿真案例，融入课程思政元素，遵循“共享，创新”的理念，践行“实践-交流-进阶”新思路，拓展实验教学内容广度和深度、延伸实验教学时间和空间，从而让学生更好理解与掌握：数据获取、数据清洗、关联分析、回归分析、分类算法、聚类分析、决策树分析等数据挖掘的核心技能。\r\n本课程通过案例延展式学习、实践沉浸式学习、任务探索式学习、课程资源云学习等多种资源渠道，有助于实现“学生学得会，老师教得顺”的双赢目标。通过多源多模态数据交织，奠定学生的面向应用的扎实基础，培养其具有解决现实问题的能力，以应用场景竞赛为牵引，帮助学生建立在数字社区健康的合作与竞争意识，激发培养学生创新能力。以学生为中心，综合多种体验式虚拟仿真实验教学法，完成课内课外、线上线下教学组织。 \r\n课程成绩评定采用过程性考核和总结性考核相结合方式，加强非标准化、综合性评价。\r\n\r\n《数据挖掘课程实验》虚拟仿真平台承载商业和舆情两大主题的虚拟仿真案例，融入课程思政元素，遵循“共享，创新”的理念，践行“实践-交流-进阶”新思路，拓展实验教学内容广度和深度、延伸实验教学时间和空间，从而让学生更好理解与掌握：数据获取、数据清洗、关联分析、回归分析、分类算法、聚类分析、决策树分析等数据挖掘的核心技能。\r\n本课程通过案例延展式学习、实践沉浸式学习、任务探索式学习、课程资源云学习等多种资源渠道，有助于实现“学生学得会，老师教得顺”的双赢目标。通过多源多模态数据交织，奠定学生的面向应用的扎实基础，培养其具有解决现实问题的能力，以应用场景竞赛为牵引，帮助学生建立在数字社区健康的合作与竞争意识，激发培养学生创新能力。以学生为中心，综合多种体验式虚拟仿真实验教学法，完成课内课外、线上线下教学组织。 \r\n课程成绩评定采用过程性考核和总结性考核相结合方式，加强非标准化、综合性评价。\r\n新文科建设中，数据挖掘是我校信息管理与信息系统、工商管理、财务管理和公共关系学等管理学门类四个本科专业的重要基础课程。面向文理兼招学习背景的学生群体，数据挖掘的课程实验旨在提升学生数据素养、强化学生数据挖掘技术基础、锻炼学生学以致用解决真实问题的能力和引导学生创新意识。\r\n《数据挖掘课程实验》虚拟仿真平台承载商业和舆情两大主题的虚拟仿真案例，融入课程思政元素，遵循“共享，创新”的理念，践行“实践-交流-进阶”新思路，拓展实验教学内容广度和深度、延伸实验教学时间和空间，从而让学生更好理解与掌握：数据获取、数据清洗、关联分析、回归分析、分类算法、聚类分析、决策树分析等数据挖掘的核心技能。\r\n本课程通过案例延展式学习、实践沉浸式学习、任务探索式学习、课程资源云学习等多种资源渠道，有助于实现“学生学得会，老师教得顺”的双赢目标。通过多源多模态数据交织，奠定学生的面向应用的扎实基础，培养其具有解决现实问题的能力，以应用场景竞赛为牵引，帮助学生建立在数字社区健康的合作与竞争意识，激发培养学生创新能力。以学生为中心，综合多种体验式虚拟仿真实验教学法，完成课内课外、线上线下教学组织。 \r\n课程成绩评定采用过程性考核考核相结合方式，加强非标准化、综合性评价。\r\n\r\n', '化学生数据挖掘技术基础、锻炼学生学以致用解决真实问题的能力和引导学生创新意识。\r\n新文科建发培养学生创新能力。以学生为中心，综合多种体验式虚拟仿真实验教学法，完成课内课外、线上线下教学组织。 \r\n课程成绩评定采用过程性考核和总结性考核相结合方式，加强非标准化、综合性评价。\r\n\r\n新文科建设中，数据挖掘是我校信息管理与信息系统、工商管理、财务管理和公共关系学等管理学门类四个本科专业的重要基础课程。面向文理兼招学习背景的学生群体，数据挖掘的课程实验旨在提升学生数据素养、强化学生数据挖掘技术基础、锻炼学生学以致用解决真实问题的能力和引导学生创新意识。\r\n《数据挖掘课程实验》虚拟仿真平台承载商业和舆情两大主题的虚拟仿真案例，融入课程思政元素，遵循“共享，创新”的理念，践行“实践-交流-进阶”新思路，拓展实验教学内容广度和深度、延伸实验教学时间和空间，从而让学生更好理解与掌握：数据获取、数据清洗、关联分析、回归分析、分类算法、聚类分析、决策树分析等数据挖掘的核心技能。\r\n本课程通过案例延展式学习、实践沉浸式学习、任务探索式学习、课程资源云学习等多种资源渠道，有助于实现“学生学得会，老师教得顺”的双赢目标。通过多源多模态数据交织，奠定学生的面向应用的扎实基础，培养其具有解决现实问题的能力，以应用场景竞赛为牵引，帮助学生建立在数字社区健康的合作与竞争意识，激发培养学生创新能力。以学生为中心，综合多种体验式虚拟仿真实验教学法，完成课内课外、线上线下教学组织。 \r\n课程成绩评定采用过程性考核和总结性考核相结合方式，加强非标准化、综合性评价。\r\n\r\n新文科建设中，数据挖掘是我校信息管理与信息系统、工商管理、财务管理和公共关系学等管理学门类四个本科专业的重要基础课程。面向文理兼招学习背景的学生群体，数据挖掘的课程实验旨在提升学生数据素养、强化学生数据挖掘技术基础、锻炼学生学以致用解决真实问题的能力和引导学生创新意识。\r\n《数据挖掘课程实验》虚拟仿真平台承载商业和舆情两大主题的虚拟仿真案例，融入课程思政元素，遵循“共享，创新”的理念，践行“实践-交流-进阶”新思路，拓展实验教学内容广度和深度、延伸实验教学时间和空间，从而让学生更好理解与掌握：数据获取、数据清洗、关联分析、回归分析、分类算法、聚类分析、决策树分析等数据挖掘的核心技能。\r\n本课程通过案例延展式学习、实践沉浸式学习、任务探索式学习、课程资源云学习等多种资源渠道，有助于实现“学生学得会，老师教得顺”的双赢目标。通过多源多模态数据交织，奠定学生的面向应用的扎实基础，培养其具有解决现实问题的能力，以应用场景竞赛为牵引，帮助学生建立在数字社区健康的合作与竞争意识，激发培养学生创新能力。以学生为中心，综合多种体验式虚拟仿真实验教学法，完成课内课外、线上线下教学组织。 \r\n课程成绩评定采用过程性考核和总结性考核相结合方式，加强非标准化、综合性评价。\r\n\r\n《数据挖掘课程实验》虚拟仿真平台承载商业和舆情两大主题的虚拟仿真案例，融入课程思政元素，遵循“共享，创新”的理念，践行“实践-交流-进阶”新思路，拓展实验教学内容广度和深度、延伸实验教学时间和空间，从而让学生更好理解与掌握：数据获取、数据清洗、关联分析、回归分析、分类算法、聚类分析、决策树分析等数据挖掘的核心技能。\r\n本课程通过案例延展式学习、实践沉浸式学习、任务探索式学习、课程资源云学习等多种资源渠道，有助于实现“学生学得会，老师教得顺”的双赢目标。通过多源多模态数据交织，奠定学生的面向应用的扎实基础，培养其具有解决现实问题的能力，以应用场景竞赛为牵引，帮助学生建立在数字社区健康的合作与竞争意识，激发培养学生创新能力。以学生为中心，综合多种体验式虚拟仿真实验教学法，完成课内课外、线上线下教学组织。 \r\n课程成绩评定采用过程性考核和总结性考核相结合方式，加强非标准化、综合性评价。\r\n新文科建设中，数据挖掘是我校信息管理与信息系统、工商管理、财务管理和公共关系学等管理学门类四个本科专业的重要基础课程。面向文理兼招学习背景的学生群体，数据挖掘的课程实验旨在提升学生数据素养、强化学生数据挖掘技术基础、锻炼学生学以致用解决真实问题的能力和引导学生创新意识。\r\n《数据挖掘课程实验》虚拟仿真平台承载商业和舆情两大主题的虚拟仿真案例，融入课程思政元素，遵循“共享，创新”的理念，践行“实践-交流-进阶”新思路，拓展实验教学内容广度和深度、延伸实验教学时间和空间，从而让学生更好理解与掌握：数据获取、数据清洗、关联分析、回归分析、分类算法、聚类分析、决策树分析等数据挖掘的核心技能。\r\n本课程通过案例延展式学习、实践沉浸式学习、任务探索式学习、课程资源云学习等多种资源渠道，有助于实现“学生学得会，老师教得顺”的双赢目标。通过多源多模态数据交织，奠定学生的面向应用的扎实基础，培养其具有解决现实问题的能力，以应用场景竞赛为牵引，帮助学生建立在数字社区健康的合作与竞争意识，激发培养学生创新能力。以学生为中心，综合多种体验式虚拟仿真实验教学法，完成课内课外、线上线下教学组织。 \r\n课程成绩评定采用过程性考核和总结性考核相结合方式，加强非标准化、综合性评价。\r\n\r\n', '以学生为中心，综合多种体验式虚拟仿真实验教学法，完成课内课外、线上线下教学组织。 \r\n课程成绩评定采用过程性考核和总结性考核相结合方式，加强非标准化、综合性评价。\r\n新文科建设中，数据挖掘是我校信息管理与信息系统、工商管理、财务管理和公共关系学等管理学门类四个本科专业的重要基础课程。面向文理兼招学习背景的学生群体，数据挖掘的课程实验旨在提升学生数据素养、强化学生数据挖掘技术基础、锻炼学生学以致用解决真实问题的能力和引导学生创新意识。\r\n《数据挖掘课程实验》虚拟仿真平台承载商业和舆情两大主题的虚拟仿真案例，融入课程思政元素，遵循“共享，创新”的理念，践行“实践-交流-进阶”新思路，拓展实验教学内容广度和深度、延伸实验教学时间和空间，从而让学生更好理解与掌握：数据获取、数据清洗、关联分析、回归分析、分类算法、聚类分析、决策树分析等数据挖掘的核心技能。\r\n本课程通过案例延展式学习、实践沉浸式学习、任务探索式学习、课程资源云学习等多种资源渠道，有助于实现“学生学得会，老师教得顺”的双赢目标。通过多源多模态数据交织，奠定学生的面向应用的扎实基础，培养其具有解决现实问题的能力，以应用场景竞赛为牵引，帮助学生建立在数字社区健康的合作与竞争意识，激发培养学生创新能力。以学生为中心，综合多种体验式虚拟仿真实验教学法，完成课内课外、线上线下教学组织。 \r\n课程成绩评定采用过程性考核和总结性考核相结合方式，加强非标准化、综合性评价。\r\n\r\n新文科建设中，数据挖掘是我校信息管理与信息系统、工商管理、财务管理和公共关系学等管理学门类四个本科专业的重要基础课程。面向文理兼招学习背景的学生群体，数据挖掘的课程实验旨在提升学生数据素养、强化学生数据挖掘技术基础、锻炼学生学以致用解决真实问题的能力和引导学生创新意识。\r\n《数据挖掘课程实验》虚拟仿真平台承载商业和舆情两大主题的虚拟仿真案例，融入课程思政元素，遵循“共享，创新”的理念，践行“实践-交流-进阶”新思路，拓展实验教学内容广度和深度、延伸实验教学时间和空间，从而让学生更好理解与掌握：数据获取、数据清洗、关联分析、回归分析、分类算法、聚类分析、决策树分析等数据挖掘的核心技能。\r\n本课程通过案例延展式学习、实践沉浸式学习、任务探索式学习、课程资源云学习等多种资源渠道，有助于实现“学生学得会，老师教得顺”的双赢目标。通过多源多模态数据交织，奠定学生的面向应用的扎实基础，培养其具有解决现实问题的能力，以应用场景竞赛为牵引，帮助学生建立在数字社区健康的合作与竞争意识，激发培养学生创新能力。以学生为中心，综合多种体验式虚拟仿真实验教学法，完成课内课外、线上线下教学组织。 \r\n课程成绩评定采用过程性考核和总结性考核相结合方式，加强非标准化、综合性评价。\r\n\r\n新文科建设中，数据挖掘是我校信息管理与信息系统、工商管理、财务管理和公共关系学等管理学门类四个本科专业的重要基础课程。面向文理兼招学习背景的学生群体，数据挖掘的课程实验旨在提升学生数据素养、强化学生数据挖掘技术基础、锻炼学生学以致用解决真实问题的能力和引导学生创新意识。\r\n《数据挖掘课程实验》虚拟仿真平台承载商业和舆情两大主题的虚拟仿真案例，融入课程思政元素，遵循“共享，创新”的理念，践行“实践-交流-进阶”新思路，拓展实验教学内容广度和深度、延伸实验教学时间和空间，从而让学生更好理解与掌握：数据获取、数据清洗、关联分析、回归分析、分类算法、聚类分析、决策树分析等数据挖掘的核心技能。\r\n本课程通过案例延展式学习、实践沉浸式学习、任务探索式学习、课程资源云学习等多种资源渠道，有助于实现“学生学得会，老师教得顺”的双赢目标。通过多源多模态数据交织，奠定学生的面向应用的扎实基础，培养其具有解决现实问题的能力，以应用场景竞赛为牵引，帮助学生建立在数字社区健康的合作与竞争意识，激发培养学生创新能力。以学生为中心，综合多种体验式虚拟仿真实验教学法，完成课内课外、线上线下教学组织。 \r\n课程成绩评定采用过程性考核和总结性考核相结合方式，加强非标准化、综合性评价。\r\n\r\n新文科建设中，数据挖掘是我校信息管理与信息系统、工商管理、财务管理和公共关系学等管理学门类四个本科专业的重要基础课程。面向文理兼招学习背景的学生群体，数据挖掘的课程实验旨在提升学生数据素养、强化学生数据挖掘技术基础、锻炼学生学以致用解决真实问题的能力和引导学生创新意识。\r\n《数据挖掘课程实验》虚拟仿真平台承载商业和舆情两大主题的虚拟仿真案例，融入课程思政元素，遵循“共享，创新”的理念，践行“实践-交流-进阶”新思路，拓展实验教学内容广度和深度、延伸实验教学时间和空间，从而让学生更好理解与掌握：数据获取、数据清洗、关联分析、回归分析、分类算法、聚类分析、决策树分析等数据挖掘的核心技能。\r\n本课程通过案例延展式学习、实践沉浸式学习、任务探索式学习、课程资源云学习等多种资源渠道，有助于实现“学生学得会，老师教得顺”的双赢目标。通过多源多模态数据交织，奠定学生的面向应用的扎实基础，培养其具有解决现实问题的能力，以应用场景竞赛为牵引，帮助学生建立在数字社区健康的合作与竞争意识，激发培养学生创新能力。以学生为中心，综合多种体验式虚拟仿真实验教学法，完成课内课外、线上线下教学组织。 \r\n课程成绩评定采用过程性考核和总结性考核相结合方式，加强非标准化、综合性评价。\r\n\r\n新文科建设中，数据挖掘是我校信息管理与信息系统、工商管理、财务管理和公共关系学等管理学门类四个本科专业的重要基础课程。面向文理兼招学习背景的学生群体，数据挖掘的课程实验旨在提升学生数据素养、强化学生数据挖掘技术基础、锻炼学生学以致用解决真实问题的能力和引导学生创新意识。\r\n《数据挖掘课程实验》虚拟仿真平台承载商业和舆情两大主题的虚拟仿真案例，融入课程思政元素，遵循“共享，创新”的理念，践行“实践-交流-进阶”新思路，拓展实验教学内容广度和深度、延伸实验教学时间和空间，从而让学生更好理解与掌握：数据获取、数据清洗、关联分析、回归分析、分类算法、聚类分析、决策树分析等数据挖掘的核心技能。\r\n本课程通过案例延展式学习、实践沉浸式学习、任务探索式学习、课程资源云学习等多种资源渠道，有助于实现“学生学得会，老师教得顺”的双赢目标。通过多源多模态数据交织，奠定学生的面向应用的扎实基础，培养其具有解决现实问题的能力，以应用场景竞赛为牵引，帮助学生建立在数字社区健康的合作与竞争意识，激发培养学生创新能力。以学生为中心，综合多种体验式虚拟仿真实验教学法，完成课内课外、线上线下教学组织。 \r\n课程成绩评定采用过程性考核和总结性考核相结合方式，加强非标准化、综合性评价。\r\n\r\n《数据挖掘课程实验》虚拟仿真平台承载商业和舆情两大主题的虚拟仿真案例，融入课程思政元素，遵循“共享，创新”的理念，践行“实践-交流-进阶”新思路，拓展实验教学内容广度和深度、延伸实验教学时间和空间，从而让学生更好理解与掌握：数据获取、数据清洗、关联分析、回归分析、分类算法、聚类分析、决策树分析等数据挖掘的核心技能。\r\n本课程通过案例延展式学习、实践沉浸式学习、任务探索式学习、课程资源云学习等多种资源渠道，有助于实现“学生学得会，老师教得顺”的双赢目标。通过多源多模态数据交织，奠定学生的面向应用的扎实基础，培养其具有解决现实问题的能力，以应用场景竞赛为牵引，帮助学生建立在数字社区健康的合作与竞争意识，激发培养学生创新能力。以学生为中心，综合多种体验式虚拟仿真实验教学法，完成课内课外、线上线下教学组织。 \r\n课程成绩评定采用过程性考核和总结性考核相结合方式，加强非标准化、综合性评价。\r\n新文科建设中，数据挖掘是我校信息管理与信息系统、工商管理、财务管理和公共关系学等管理学门类四个本科专业的重要基础课程。面向文理兼招学习背景的学生群体，数据挖掘的课程实验旨在提升学生数据素养、强化学生数据挖掘技术基础、锻炼学生学以致用解决真实问题的能力和引导学生创新意识。\r\n《数据挖掘课程实验》虚拟仿真平台承载商业和舆情两大主题的虚拟仿真案例，融入课程思政元素，遵循“共享，创新”的理念，践行“实践-交流-进阶”新思路，拓展实验教学内容广度和深度、延伸实验教学时间和空间，从而让学生更好理解与掌握：数据获取、数据清洗、关联分析、回归分析、分类算法、聚类分析、决策树分析等数据挖掘的核心技能。\r\n本课程通过案例延展式学习、实践沉浸式学习、任务探索式学习、课程资源云学习等多种资源渠道，有助于实现“学生学得会，老师教得顺”的双赢目标。通过多源多模态数据交织，奠定学生的面向应用的扎实基础，培养其具有解决现实问题的能力，以应用场景竞赛为牵引，帮助学生建立在数字社区健康的合作与竞争意识，激发培养学生创新能力。以学生为中心，综合多种体验式虚拟仿真实验教学法，完成课内课外、线上线下教学组织。 \r\n课程成绩评定采用过程性考核和总结性考核相结合方式，加强非标准化、综合性评价。\r\n\r\n', 'r13', 'stu1.py', NULL, 78.6, '2022-10-31 11:11:21', '2023-02-17 18:38:32', 32, 2, 2, 2, NULL),
	(75, 5, 2, 1, 'gtr', NULL, 'gdfg', 'dfg', 'gfdg', 'gdfdfgd', 'fwef', 'stu1.py', NULL, NULL, '2023-05-19 09:06:47', '2023-05-19 11:11:12', 17, 1, 1, 2, NULL),
	(80, 7, 2, 1, 'Berger', NULL, 'VS的v', '跟4', 'g434g', '过3g', NULL, 'stu1.py', NULL, NULL, NULL, '2023-02-17 18:51:28', 1, 0, 0, 2, NULL),
	(84, 4, 2, 1, 'mhyfgmfh', NULL, 'mfh', 'mfh', 'mfh', 'hfm', NULL, 'stu1.py', NULL, NULL, NULL, '2023-02-17 19:05:46', 1, 0, 0, 1, NULL),
	(85, 1, 2, 1, 'fdrge', NULL, NULL, 'erg', 'gerg', 'ger', NULL, 'stu1.py', NULL, NULL, NULL, '2023-02-17 19:08:02', 1, 0, 0, 1, NULL),
	(86, 3, 2, 1, '视频描述 1', NULL, 'dataDesc 1', '过程修改 1', '结果修改 1', '心得体会修改 1', '综合体会 1', 'stu1.py', NULL, NULL, '2023-02-20 10:12:50', '2023-05-21 16:17:25', 10, 1, 0, 1, NULL),
	(88, 6, 2, 1, 'bfg', NULL, NULL, 'hrt', 'hrt', 'h', 'htr', 'stu1.py', NULL, NULL, '2023-05-19 09:15:56', '2023-05-19 09:20:15', 6, 2, 0, 0, NULL);
/*!40000 ALTER TABLE `exprecord` ENABLE KEYS */;

-- 导出  表 dmsp.grade 结构
CREATE TABLE IF NOT EXISTS `grade` (
  `id` int(11) NOT NULL AUTO_INCREMENT COMMENT '班级与教师对照',
  `gname` varchar(255) DEFAULT NULL COMMENT '班级id',
  `tid` int(11) DEFAULT NULL COMMENT '教师id',
  PRIMARY KEY (`id`) USING BTREE
) ENGINE=InnoDB AUTO_INCREMENT=7 DEFAULT CHARSET=utf8 ROW_FORMAT=DYNAMIC;

-- 正在导出表  dmsp.grade 的数据：~5 rows (大约)
DELETE FROM `grade`;
/*!40000 ALTER TABLE `grade` DISABLE KEYS */;
INSERT INTO `grade` (`id`, `gname`, `tid`) VALUES
	(1, '三年1班', 1),
	(2, '三年2班', 29),
	(3, '三年3班', 1),
	(4, '三年4班', 1),
	(5, '三年5班', 1),
	(6, 'ces', 1);
/*!40000 ALTER TABLE `grade` ENABLE KEYS */;

-- 导出  表 dmsp.gtoe 结构
CREATE TABLE IF NOT EXISTS `gtoe` (
  `id` int(11) NOT NULL AUTO_INCREMENT COMMENT '班级与实验对照表',
  `gid` int(11) NOT NULL COMMENT '班级id',
  `expid` int(11) DEFAULT NULL COMMENT '实验id',
  PRIMARY KEY (`id`) USING BTREE
) ENGINE=InnoDB AUTO_INCREMENT=21 DEFAULT CHARSET=utf8 ROW_FORMAT=DYNAMIC;

-- 正在导出表  dmsp.gtoe 的数据：~14 rows (大约)
DELETE FROM `gtoe`;
/*!40000 ALTER TABLE `gtoe` DISABLE KEYS */;
INSERT INTO `gtoe` (`id`, `gid`, `expid`) VALUES
	(2, 1, 2),
	(3, 2, 1),
	(7, 1, 5),
	(8, 4, 2),
	(9, 4, 4),
	(10, 1, 3),
	(11, 3, 1),
	(13, 6, 1),
	(14, 6, 2),
	(15, 1, 1),
	(16, 1, 10),
	(17, 1, 4),
	(18, 1, 6),
	(19, 1, 7),
	(20, 1, 8);
/*!40000 ALTER TABLE `gtoe` ENABLE KEYS */;

-- 导出  表 dmsp.help_topic 结构
CREATE TABLE IF NOT EXISTS `help_topic` (
  `help_topic_id` int(11) DEFAULT NULL
) ENGINE=InnoDB DEFAULT CHARSET=utf8 ROW_FORMAT=DYNAMIC;

-- 正在导出表  dmsp.help_topic 的数据：~0 rows (大约)
DELETE FROM `help_topic`;
/*!40000 ALTER TABLE `help_topic` DISABLE KEYS */;
/*!40000 ALTER TABLE `help_topic` ENABLE KEYS */;

-- 导出  表 dmsp.historycode 结构
CREATE TABLE IF NOT EXISTS `historycode` (
  `id` int(11) NOT NULL AUTO_INCREMENT,
  `sid` int(11) DEFAULT NULL COMMENT '学生id',
  `sname` varchar(255) DEFAULT NULL COMMENT '学生姓名',
  `codeurl` varchar(255) DEFAULT NULL COMMENT '代码名称',
  `resulturl` varchar(255) DEFAULT NULL COMMENT '结果名称',
  `createtime` datetime NOT NULL DEFAULT CURRENT_TIMESTAMP ON UPDATE CURRENT_TIMESTAMP COMMENT '创建时间',
  `expid` int(11) DEFAULT NULL COMMENT '实验id',
  `figCount` int(11) DEFAULT '0' COMMENT '图片数量',
  `csvCount` int(255) DEFAULT '0' COMMENT 'python保存的csv文件个数',
  PRIMARY KEY (`id`) USING BTREE
) ENGINE=InnoDB AUTO_INCREMENT=78 DEFAULT CHARSET=utf8 ROW_FORMAT=DYNAMIC;

-- 正在导出表  dmsp.historycode 的数据：~60 rows (大约)
DELETE FROM `historycode`;
/*!40000 ALTER TABLE `historycode` DISABLE KEYS */;
INSERT INTO `historycode` (`id`, `sid`, `sname`, `codeurl`, `resulturl`, `createtime`, `expid`, `figCount`, `csvCount`) VALUES
	(1, 2, 'stu1', '2022_06_14_103010_code.py', '2022_06_14_103010_result.py', '2022-06-14 10:30:44', 5, 0, 0),
	(2, 2, 'stu1', '2022_06_17_105318_code.py', '2022_06_17_105318_result.py', '2022-06-17 10:56:12', 2, 0, 0),
	(3, 2, 'stu1', '2022_06_17_105601_code.py', '2022_06_17_105601_result.py', '2022-06-17 10:56:01', 2, 0, 0),
	(4, 2, 'stu1', '2022_06_24_141845_code.py', '2022_06_24_141845_result.py', '2022-06-24 14:18:46', 2, 0, 0),
	(5, 2, 'stu1', '2022_06_30_144912_code.py', '2022_06_30_144912_result.py', '2022-06-30 14:49:12', 2, 0, 0),
	(6, 2, 'stu1', '2022_06_30_145759_code.py', '2022_06_30_145759_result.py', '2022-06-30 14:57:59', 2, 0, 0),
	(7, 2, 'stu1', '2022_06_30_150205_code.py', '2022_06_30_150205_result.py', '2022-06-30 15:02:05', 2, 0, 0),
	(8, 2, 'stu1', '2022_06_30_150957_code.py', '2022_06_30_150957_result.py', '2022-06-30 15:10:00', 2, 0, 0),
	(9, 2, 'stu1', '2022_06_30_205128_code.py', '2022_06_30_205128_result.py', '2022-06-30 20:51:29', 2, 0, 0),
	(10, 2, 'stu1', '2022_06_30_205646_code.py', '2022_06_30_205646_result.py', '2022-06-30 20:59:18', 2, 0, 0),
	(11, 2, 'stu1', '2022_06_30_210127_code.py', '2022_06_30_210127_result.py', '2022-06-30 21:01:28', 2, 0, 0),
	(12, 2, 'stu1', '2022_06_30_210329_code.py', '2022_06_30_210329_result.py', '2022-06-30 21:03:31', 2, 0, 0),
	(13, 2, 'stu1', '2022_07_01_114739_code.py', '2022_07_01_114739_result.py', '2022-07-01 11:47:43', 1, 0, 0),
	(14, 2, 'stu1', '2022_07_01_114846_code.py', '2022_07_01_114846_result.py', '2022-07-01 11:48:47', 1, 0, 0),
	(15, 2, 'stu1', '2022_07_01_115854_code.py', '2022_07_01_115854_result.py', '2022-07-01 11:58:55', 1, 0, 0),
	(16, 2, 'stu1', '2022_07_01_120323_code.py', '2022_07_01_120323_result.py', '2022-07-01 12:03:24', 1, 0, 0),
	(17, 2, 'stu1', '2022_07_01_120555_code.py', '2022_07_01_120555_result.py', '2022-07-01 12:05:56', 1, 0, 0),
	(18, 2, 'stu1', '2022_07_01_120949_code.py', '2022_07_01_120949_result.py', '2022-07-01 12:09:50', 1, 0, 0),
	(19, 2, 'stu1', '2022_07_01_140522_code.py', '2022_07_01_140522_result.py', '2022-07-01 14:05:23', 1, 0, 0),
	(20, 2, 'stu1', '2022_07_01_140532_code.py', '2022_07_01_140532_result.py', '2022-07-01 14:05:34', 1, 0, 0),
	(21, 2, 'stu1', '2022_07_01_142103_code.py', '2022_07_01_142103_result.py', '2022-07-01 14:21:04', 1, 0, 0),
	(22, 2, 'stu1', '2022_07_01_143420_code.py', '2022_07_01_143420_result.py', '2022-07-01 14:34:21', 1, 0, 0),
	(23, 2, 'stu1', '2022_07_01_143522_code.py', '2022_07_01_143522_result.py', '2022-07-01 14:35:22', 1, 0, 0),
	(24, 2, 'stu1', '2022_07_01_144031_code.py', '2022_07_01_144031_result.py', '2022-07-01 14:40:31', 1, 0, 0),
	(25, 2, 'stu1', '2022_07_01_144256_code.py', '2022_07_01_144256_result.py', '2022-07-01 14:42:56', 1, 0, 0),
	(26, 2, 'stu1', '2022_07_01_145228_code.py', '2022_07_01_145228_result.py', '2022-07-01 14:52:29', 1, 0, 0),
	(27, 2, 'stu1', '2022_07_01_145805_code.py', '2022_07_01_145805_result.py', '2022-07-01 14:58:05', 1, 0, 0),
	(28, 2, 'stu1', '2022_07_01_145833_code.py', '2022_07_01_145833_result.py', '2022-07-01 14:58:33', 1, 0, 0),
	(29, 2, 'stu1', '2022_07_01_150040_code.py', '2022_07_01_150040_result.py', '2022-07-01 15:00:40', 1, 0, 0),
	(30, 2, 'stu1', '2022_07_01_150616_code.py', '2022_07_01_150616_result.py', '2022-07-01 15:06:16', 1, 0, 0),
	(31, 2, 'stu1', '2022_07_01_150937_code.py', '2022_07_01_150937_result.py', '2022-07-01 15:09:37', 1, 0, 0),
	(32, 2, 'stu1', '2022_07_01_151037_code.py', '2022_07_01_151037_result.py', '2022-07-01 15:10:37', 1, 0, 0),
	(33, 2, 'stu1', '2022_07_01_151108_code.py', '2022_07_01_151108_result.py', '2022-07-01 15:11:08', 1, 0, 0),
	(34, 2, 'stu1', '2022_07_01_151234_code.py', '2022_07_01_151234_result.py', '2022-07-01 15:12:34', 1, 0, 0),
	(35, 2, 'stu1', '2022_07_01_151339_code.py', '2022_07_01_151339_result.py', '2022-07-01 15:13:39', 1, 0, 0),
	(36, 2, 'stu1', '2022_07_01_162411_code.py', '2022_07_01_162411_result.py', '2022-07-01 16:24:11', 1, 0, 0),
	(37, 2, 'stu1', '2022_07_01_162531_code.py', '2022_07_01_162531_result.py', '2022-07-01 16:25:33', 1, 0, 0),
	(38, 2, 'stu1', '2022_07_01_162854_code.py', '2022_07_01_162854_result.py', '2022-07-01 16:28:55', 1, 0, 0),
	(39, 2, 'stu1', '2022_07_01_162928_code.py', '2022_07_01_162928_result.py', '2022-07-01 16:29:29', 1, 0, 0),
	(40, 2, 'stu1', '2022_07_01_163102_code.py', '2022_07_01_163102_result.py', '2022-07-01 16:31:02', 1, 0, 0),
	(41, 2, 'stu1', '2022_07_01_163135_code.py', '2022_07_01_163135_result.py', '2022-07-01 16:31:36', 1, 0, 0),
	(42, 2, 'stu1', '2022_07_04_105608_code.py', '2022_07_04_105608_result.py', '2022-07-04 10:56:19', 2, 0, 0),
	(43, 2, 'stu1', '2022_07_04_110115_code.py', '2022_07_04_110115_result.py', '2022-07-04 11:01:16', 2, 0, 0),
	(44, 2, 'stu1', '2022_07_04_110600_code.py', '2022_07_04_110600_result.py', '2022-07-04 11:06:01', 2, 0, 0),
	(45, 2, 'stu1', '2022_07_04_110659_code.py', '2022_07_04_110659_result.py', '2022-07-04 11:06:59', 1, 0, 0),
	(46, 2, 'stu1', '2022_07_04_110740_code.py', '2022_07_04_110740_result.py', '2022-07-04 11:07:40', 1, 0, 0),
	(47, 2, 'stu1', '2022_07_04_110802_code.py', '2022_07_04_110802_result.py', '2022-07-04 11:08:09', 1, 0, 0),
	(48, 2, 'stu1', '2022_07_04_111423_code.py', '2022_07_04_111423_result.py', '2022-07-04 11:14:24', 1, 0, 0),
	(49, 2, 'stu1', '2022_07_04_121008_code.py', '2022_07_04_121008_result.py', '2022-07-04 12:10:09', 1, 0, 0),
	(50, 2, 'stu1', '2022_07_04_121254_code.py', '2022_07_04_121254_result.py', '2022-07-04 12:12:55', 1, 0, 0),
	(51, 2, 'stu1', '2022_07_04_121516_code.py', '2022_07_04_121516_result.py', '2022-07-04 12:15:17', 1, 0, 0),
	(52, 2, 'stu1', '2022_07_06_132456_code.py', '2022_07_06_132456_result.py', '2022-07-15 16:48:10', 2, 2, 0),
	(53, 2, 'stu1', '2022_07_15_174423_code.py', '2022_07_15_174423_result.py', '2022-07-15 17:44:24', 0, 0, 0),
	(54, 2, 'stu1', '2022_09_14_084943_code.py', '2022_09_14_084943_result.py', '2022-09-14 08:49:45', 2, 1, 0),
	(55, 2, 'stu1', '2022_10_11_164429_code.py', '2022_10_11_164429_result.py', '2022-10-11 16:44:31', 0, 1, 0),
	(56, 2, 'stu1', '2022_10_11_164549_code.py', '2022_10_11_164549_result.py', '2022-10-11 16:45:49', 0, 0, 0),
	(57, 2, 'stu1', '2022_10_14_172458_code.py', '2022_10_14_172458_result.py', '2022-10-14 17:31:34', 0, 0, 0),
	(58, 2, 'stu1', '2022_10_14_173203_code.py', '2022_10_14_173203_result.py', '2022-10-14 17:32:03', 0, 0, 0),
	(59, 2, 'stu1', '2022_10_14_174820_code.py', '2022_10_14_174820_result.py', '2022-10-14 17:48:31', 0, 0, 0),
	(60, 2, 'stu1', '2022_10_14_185306_code.py', '2022_10_14_185306_result.py', '2022-10-14 18:59:42', 0, 0, 0),
	(61, 2, 'stu1', '2022_10_14_224112_code.py', '2022_10_14_224112_result.py', '2022-10-14 22:42:43', 0, 1, 1),
	(62, 2, 'stu1', '2022_10_14_224322_code.py', '2022_10_14_224322_result.py', '2022-10-14 22:43:49', 0, 1, 1),
	(63, 2, 'stu1', '2022_10_14_224638_code.py', '2022_10_14_224638_result.py', '2022-10-14 22:46:56', 0, 1, 1),
	(64, 2, 'stu1', '2022_10_17_164423_code.py', '2022_10_17_164423_result.py', '2022-10-17 16:44:26', 0, 1, 0),
	(65, 2, 'stu1', '2022_10_17_165752_code.py', '2022_10_17_165752_result.py', '2022-10-17 16:57:53', 0, 1, 0),
	(66, 2, 'stu1', '2022_10_17_170150_code.py', '2022_10_17_170150_result.py', '2022-10-17 17:01:51', 0, 0, 0),
	(67, 2, 'stu1', '2022_10_17_170803_code.py', '2022_10_17_170803_result.py', '2022-10-17 17:08:04', 0, 0, 1),
	(68, 2, 'stu1', '2022_10_17_170901_code.py', '2022_10_17_170901_result.py', '2022-10-17 17:09:01', 0, 0, 1),
	(69, 2, 'stu1', '2022_10_17_170932_code.py', '2022_10_17_170932_result.py', '2022-10-17 17:09:33', 0, 1, 1),
	(70, 2, 'stu1', '2022_11_01_150204_code.py', '2022_11_01_150204_result.py', '2022-11-01 15:09:42', 1, 0, 1),
	(71, 2, 'stu1', '2022_11_01_180824_code.py', '2022_11_01_180824_result.py', '2022-11-01 18:08:26', 0, 0, 0),
	(72, 2, 'stu1', '2022_11_08_165807_code.py', '2022_11_08_165807_result.py', '2022-11-08 16:58:07', 1, 0, 0),
	(73, 2, 'stu1', '2022_11_10_164520_code.py', '2022_11_10_164520_result.py', '2022-11-10 16:45:20', 1, 0, 0),
	(74, 2, 'stu1', '2022_11_17_094206_code.py', '2022_11_17_094206_result.py', '2022-11-17 09:42:06', 2, 0, 0),
	(75, 2, 'stu1', '2022_11_17_171257_code.py', '2022_11_17_171257_result.py', '2022-11-17 17:12:59', 0, 1, 1),
	(76, 2, 'stu1', '2023_02_14_100638_code.py', '2023_02_14_100638_result.py', '2023-02-14 10:06:38', 5, 0, 0),
	(77, 2, 'stu1', '2023_05_17_171348_code.py', '2023_05_17_171348_result.py', '2023-05-17 17:13:48', 0, 0, 0);
/*!40000 ALTER TABLE `historycode` ENABLE KEYS */;

-- 导出  表 dmsp.qtoa 结构
CREATE TABLE IF NOT EXISTS `qtoa` (
  `id` int(11) NOT NULL AUTO_INCREMENT COMMENT '问题与答案表',
  `sid` int(11) DEFAULT NULL COMMENT '学生id',
  `question` varchar(2550) DEFAULT NULL COMMENT '问题',
  `answer` varchar(2550) DEFAULT '' COMMENT '答案',
  `queTime` varchar(100) DEFAULT NULL COMMENT '提问时间',
  `ansTime` varchar(100) DEFAULT NULL COMMENT '回答时间',
  PRIMARY KEY (`id`) USING BTREE
) ENGINE=InnoDB AUTO_INCREMENT=7 DEFAULT CHARSET=utf8 ROW_FORMAT=DYNAMIC;

-- 正在导出表  dmsp.qtoa 的数据：~4 rows (大约)
DELETE FROM `qtoa`;
/*!40000 ALTER TABLE `qtoa` DISABLE KEYS */;
INSERT INTO `qtoa` (`id`, `sid`, `question`, `answer`, `queTime`, `ansTime`) VALUES
	(1, 2, 'find和findall有什么区别？', '这两个函数十分相似，主要的区别再与范围限制参数limit，只能用于findAll方法。find()方法等价与findAll()方法limit参数等于1时的情形。如果你只对网页中获取的前x项感兴趣，就可以设置它。但是要注意的是这个参数设置之后获取的前几项结果是按照网页上的顺序排序的', NULL, NULL),
	(2, 2, '预处理是什么', '', NULL, NULL),
	(3, 2, 'cestr1', 'gregre', '2022-09-14 08:38:45', '2022-09-14 11:12:02'),
	(4, 2, '测试过', '', '2022-09-14 09:26:36', NULL),
	(5, 2, '问题1123', '', '2023-01-06 15:23:41', NULL),
	(6, 2, 'f违法', '', '2023-02-20 10:04:19', NULL);
/*!40000 ALTER TABLE `qtoa` ENABLE KEYS */;

-- 导出  表 dmsp.role 结构
CREATE TABLE IF NOT EXISTS `role` (
  `id` int(11) NOT NULL AUTO_INCREMENT,
  `role` varchar(255) DEFAULT NULL,
  PRIMARY KEY (`id`) USING BTREE
) ENGINE=InnoDB AUTO_INCREMENT=3 DEFAULT CHARSET=utf8 ROW_FORMAT=DYNAMIC;

-- 正在导出表  dmsp.role 的数据：~2 rows (大约)
DELETE FROM `role`;
/*!40000 ALTER TABLE `role` DISABLE KEYS */;
INSERT INTO `role` (`id`, `role`) VALUES
	(1, '学生'),
	(2, '老师');
/*!40000 ALTER TABLE `role` ENABLE KEYS */;

-- 导出  表 dmsp.score 结构
CREATE TABLE IF NOT EXISTS `score` (
  `id` int(11) NOT NULL AUTO_INCREMENT,
  `record_id` int(11) NOT NULL DEFAULT '0' COMMENT '实验报告id',
  `video_desc_score` double NOT NULL DEFAULT '0' COMMENT '场景导入打分',
  `data_desc_score` double NOT NULL DEFAULT '0' COMMENT '数据集描述打分',
  `exp_process_score` double NOT NULL DEFAULT '0' COMMENT '实验过程打分',
  `exp_result_score` double NOT NULL DEFAULT '0' COMMENT '实验结果打分',
  `experience_score` double NOT NULL DEFAULT '0' COMMENT '实验体会打分',
  `record_code_score` double NOT NULL DEFAULT '0' COMMENT '实验代码打分',
  `total_desc_score` double NOT NULL DEFAULT '0' COMMENT '总体描述打分',
  `create_time` varchar(50) DEFAULT NULL COMMENT '创建时间',
  `last_time` varchar(50) DEFAULT NULL COMMENT '打分时间',
  PRIMARY KEY (`id`)
) ENGINE=InnoDB AUTO_INCREMENT=6 DEFAULT CHARSET=utf8 COMMENT='学生报告得分，总分为\r\n(3*0.1)或(3+4)*0.05+(5+6+7)*0.1+(8+9)*0.3\r\n大于等于0.7代表考核通过';

-- 正在导出表  dmsp.score 的数据：~1 rows (大约)
DELETE FROM `score`;
/*!40000 ALTER TABLE `score` DISABLE KEYS */;
INSERT INTO `score` (`id`, `record_id`, `video_desc_score`, `data_desc_score`, `exp_process_score`, `exp_result_score`, `experience_score`, `record_code_score`, `total_desc_score`, `create_time`, `last_time`) VALUES
	(4, 67, 70, 0, 90, 80, 66, 68, 80, '2022-11-15 13:29:53', NULL),
	(5, 64, 70, 0, 90, 80, 66, 80, 80, '2022-11-15 16:37:47', NULL);
/*!40000 ALTER TABLE `score` ENABLE KEYS */;

-- 导出  表 dmsp.share 结构
CREATE TABLE IF NOT EXISTS `share` (
  `id` int(8) NOT NULL AUTO_INCREMENT COMMENT '上传共享信息表',
  `user_id` int(11) DEFAULT NULL COMMENT '上传者id',
  `upload_des` varchar(2555) DEFAULT NULL COMMENT '上传描述',
  `teach_score` float DEFAULT NULL COMMENT '教师对上传文件的打分',
  `tid` int(11) DEFAULT '3' COMMENT '0:未通过；1:通过；3:未审批',
  `storage_path` varchar(255) DEFAULT NULL COMMENT '存储路径',
  `flag` int(2) DEFAULT NULL COMMENT '0:代码；1：数据',
  `download_count` int(8) DEFAULT '0' COMMENT '下载次数',
  `createTime` varchar(100) DEFAULT NULL,
  `flagDes` varchar(2555) DEFAULT NULL COMMENT '审批结果解释',
  PRIMARY KEY (`id`) USING BTREE
) ENGINE=InnoDB AUTO_INCREMENT=17 DEFAULT CHARSET=utf8 ROW_FORMAT=DYNAMIC;

-- 正在导出表  dmsp.share 的数据：~14 rows (大约)
DELETE FROM `share`;
/*!40000 ALTER TABLE `share` DISABLE KEYS */;
INSERT INTO `share` (`id`, `user_id`, `upload_des`, `teach_score`, `tid`, `storage_path`, `flag`, `download_count`, `createTime`, `flagDes`) VALUES
	(1, 2, '数据爬虫代码', 10, 0, '2022_06_14/2_104539_实验一：数据获取爬虫代码示范.py', 0, 2, '2022-06-14 10:45:39', 'gere'),
	(2, 2, '测试代码', 1, 0, '2022_06_16/2_095354_20220615160050_c撒.py', 0, 0, '2022-06-16 09:53:54', 'f3ew'),
	(3, 2, '测试数据', 4, 0, '2022_06_16/2_095509_Trust_CAR.xlsx', 1, 0, '2022-06-16 09:55:09', NULL),
	(4, 2, '夏娃', 5, 1, '2022_06_16/2_095813_cesjo.xls', 1, 3, '2022-06-16 09:58:13', NULL),
	(5, 2, 'c二十', 9, 0, '2022_06_16/2_095856_实验六：聚类代码示范.py', 0, 2, '2022-06-16 09:58:56', 'ii'),
	(6, 2, '彻底忘却', 1, 0, '2022_06_16/2_095941_20220615160226_c.py', 0, 0, '2022-06-16 09:59:41', 'rte'),
	(7, 2, '接口上传共享测试', 8, 1, '2022_06_16/2_124444_20220615161311_d.py', 0, 1, '2022-06-16 12:44:44', NULL),
	(8, 2, 'cdwswq', 1, 0, '2022_06_24/2_142659_20220615160222_下撒c.py', 0, 0, '2022-06-24 14:26:59', '喜爱'),
	(9, 2, 'xs', 1, 0, '2022_06_24/2_214818_20220615160844_d.py', 0, 0, '2022-06-24 21:48:18', '数据集荣誉'),
	(10, 2, '测试123', 12.3, 1, '2022_09_06/2_155301_聚类算法示范代码.py', 0, 1, '2022-09-06 15:53:01', 'geg'),
	(11, 2, '分类算法测试', 10, 1, '2022_09_14/2_091018_分类算法示范代码.py', 0, 0, '2022-09-14 09:10:18', '会让他'),
	(12, 2, 'sec_bulding', NULL, 3, '2022_11_16/2_103540_sec_buildings.xlsx', 1, 0, '2022-11-16 10:35:40', NULL),
	(13, 2, 'xls', NULL, 3, '2022_11_16/2_103849_default_of_credit_card_clients.xls', 1, 0, '2022-11-16 10:38:49', NULL),
	(14, 2, 'csv', NULL, 3, '2022_11_16/2_104218_iris.csv', 1, 0, '2022-11-16 10:42:18', NULL),
	(15, 2, 'grweg', NULL, 3, '2023_02_16/2_141725_聚类算法示范代码.py', 0, 0, '2023-02-16 14:17:25', NULL),
	(16, 2, 'ggg', NULL, 3, '2023_02_16/2_144750_授权书.docx', 0, 0, '2023-02-16 14:47:50', NULL);
/*!40000 ALTER TABLE `share` ENABLE KEYS */;

-- 导出  表 dmsp.user 结构
CREATE TABLE IF NOT EXISTS `user` (
  `id` int(11) NOT NULL AUTO_INCREMENT,
  `username` varchar(255) DEFAULT NULL COMMENT '学号',
  `password` varchar(255) NOT NULL DEFAULT '123' COMMENT '密码',
  `roleid` int(11) DEFAULT '1' COMMENT '角色id(1:学生；2：老师）',
  `realname` varchar(255) DEFAULT NULL COMMENT '真实姓名',
  `gradeid` int(11) unsigned DEFAULT NULL COMMENT '班级id',
  `enable` int(11) DEFAULT NULL COMMENT '0账号不可用；1可以用',
  PRIMARY KEY (`id`) USING BTREE
) ENGINE=InnoDB AUTO_INCREMENT=15 DEFAULT CHARSET=utf8 ROW_FORMAT=DYNAMIC;

-- 正在导出表  dmsp.user 的数据：~13 rows (大约)
DELETE FROM `user`;
/*!40000 ALTER TABLE `user` DISABLE KEYS */;
INSERT INTO `user` (`id`, `username`, `password`, `roleid`, `realname`, `gradeid`, `enable`) VALUES
	(1, 'teach1', '123', 2, '老师测试', NULL, 1),
	(2, 'stu1', '123', 1, '学生测试', 1, 1),
	(3, '0191149007', '123', 1, '蓝轶非', 1, 1),
	(4, '0191149002', '123', 1, '杨梦婕', 1, 1),
	(5, '0191149003', '123', 1, '曹施雨', 1, 1),
	(6, '0191149021', '123456', 1, '赵琳璐', 1, 1),
	(7, '0191149074', '123', 1, '吴浩远', 3, 1),
	(8, '0191149080', '123', 1, '曹泽', 3, 1),
	(9, 'stu2', '123', 1, '学生2', 2, 1),
	(10, '123', '123', 1, '123', 1, 1),
	(11, '123456', '123', 1, '测试接口', 1, 1),
	(12, '123', '123', 1, 'sca', 1, 1),
	(13, 'xs', '123', 1, 'x', 1, 1),
	(14, '23141', '123', 1, '分区夫人', 1, 1);
/*!40000 ALTER TABLE `user` ENABLE KEYS */;

/*!40101 SET SQL_MODE=IFNULL(@OLD_SQL_MODE, '') */;
/*!40014 SET FOREIGN_KEY_CHECKS=IFNULL(@OLD_FOREIGN_KEY_CHECKS, 1) */;
/*!40101 SET CHARACTER_SET_CLIENT=@OLD_CHARACTER_SET_CLIENT */;
/*!40111 SET SQL_NOTES=IFNULL(@OLD_SQL_NOTES, 1) */;
